opportunity_id,company,title,opportunity_type,work_mode,location,country,seniority,experience_min_years,experience_max_years,skills,languages,posted_date,deadline,availability,source_kind,source_name,source_url,apply_url,eligibility,notes,observed_at,record_key,status,days_to_deadline,quality_flag,role_score,skill_score,seniority_score,location_score,opportunity_score,evidence_score,fit_score,confidence_score,final_score,matched_skills,missing_skills,eligibility_flag,fit_reasons,recommendation
YAS-DA-001,Yassir,Data Analyst,full-time,onsite,Algiers,DZ,junior,1,2,api|data visualization|excel|power bi|python|sql|tableau,english|french,,,live_listing,official_job_board,Yassir Lever,https://jobs.lever.co/Yassir/eea322f7-19be-45dd-ac9a-d3d79934566a,https://jobs.lever.co/Yassir/eea322f7-19be-45dd-ac9a-d3d79934566a,Algeria-based role,Public listing snapshot; verify status and requirements before applying.,2026-09-13,9df4c23a938c,active,,,1.0,0.571,0.72,1.0,0.75,1.0,79.5,75.0,79.0,data visualization|excel|power bi|python|sql,api|tableau,verify:eligibility,"role=1.00; skills=0.57; seniority=0.72; location=1.00; opportunity=0.75; evidence=1.00; target=data analyst; matched=data visualization, excel, power bi, python, sql; missing=api, tableau; verify:eligibility",Priority
SGA-ST-001,Societe Generale Algeria,Data Internship and Reporting Pathway,internship,onsite,Algiers,DZ,student,0,1,data visualization|excel|power bi|power query|reporting|sql|vba,english|french,,,career_program,official_career_page,Societe Generale Algeria,https://societegenerale.dz/fr/votre-avenir-chez-nous/nous-rejoindre/,https://societegenerale.dz/fr/votre-avenir-chez-nous/nous-rejoindre/,Convention and current opening must be confirmed,Official local career channel; use the source page to verify current opportunities.,2026-09-13,091373468fd1,program,,,0.5,0.471,1.0,1.0,1.0,1.0,66.9,75.0,67.9,data visualization|excel|power bi|sql,power query|reporting|vba,verify:eligibility,"role=0.50; skills=0.47; seniority=1.00; location=1.00; opportunity=1.00; evidence=1.00; target=data analyst; matched=data visualization, excel, power bi, sql; missing=power query, reporting, vba; verify:eligibility",Priority
OOR-ST-001,Ooredoo Algeria,Student Internship End of Study Pathway,internship,onsite,Algeria,DZ,student,0,1,data analytics|data visualization|excel|power bi|python|sql,english|french,,,career_program,official_career_page,Ooredoo Algeria Career,https://www.ooredoo.dz/fr/tout-sur-ooredoo/career,https://students.ooredoo.dz/,Student pathway; convention and placement details must be confirmed,"Career-program record, not a guaranteed open analytics vacancy.",2026-09-13,310f0e6e4842,program,,,0.0,0.667,1.0,1.0,1.0,1.0,60.8,75.0,62.5,data visualization|excel|power bi|python|sql,data analytics,verify:eligibility,"role=0.00; skills=0.67; seniority=1.00; location=1.00; opportunity=1.00; evidence=1.00; matched=data visualization, excel, power bi, python, sql; missing=data analytics; verify:eligibility",Priority
DJZ-AP-001,Djezzy,Apprenticeship Pathway,apprenticeship,onsite,Algeria,DZ,student,0,1,communication|data analytics|data visualization|excel|python|sql,english|french,,,career_program,official_career_page,Djezzy Career,https://www.djezzy.dz/carriere,https://djezzy-career.talent-soft.com/accueil.aspx?LCID=2057,Student pathway; specific intake must be verified,Monitor the official career portal for new postings.,2026-09-13,7e55b11fc84d,program,,,0.0,0.658,1.0,1.0,1.0,1.0,60.5,75.0,62.2,communication|data visualization|excel|python|sql,data analytics,,"role=0.00; skills=0.66; seniority=1.00; location=1.00; opportunity=1.00; evidence=1.00; matched=communication, data visualization, excel, python, sql; missing=data analytics",Priority
OOR-AP-001,Ooredoo Algeria,Student Apprenticeship Pathway,apprenticeship,onsite,Algeria,DZ,student,0,1,communication|data analytics|data visualization|excel|python|sql,english|french,,,career_program,official_career_page,Ooredoo Algeria Career,https://www.ooredoo.dz/fr/tout-sur-ooredoo/career,https://students.ooredoo.dz/,Student pathway; confirm eligibility and current intake,Useful channel for students seeking structured company exposure.,2026-09-13,2332a00b8fad,program,,,0.0,0.658,1.0,1.0,1.0,1.0,60.5,75.0,62.2,communication|data visualization|excel|python|sql,data analytics,verify:eligibility,"role=0.00; skills=0.66; seniority=1.00; location=1.00; opportunity=1.00; evidence=1.00; matched=communication, data visualization, excel, python, sql; missing=data analytics; verify:eligibility",Priority
DJZ-ST-001,Djezzy,Internship and Student Pathway,internship,onsite,Algeria,DZ,student,0,1,communication|data analytics|data visualization|python|sql|statistics,english|french,,,career_program,official_career_page,Djezzy Career,https://www.djezzy.dz/carriere,https://djezzy-career.talent-soft.com/accueil.aspx?LCID=2057,Student pathway; specific analytics openings must be verified,"Career-site record, not a guaranteed open analytics vacancy.",2026-09-13,04df0cc63913,program,,,0.0,0.608,1.0,1.0,1.0,1.0,58.9,75.0,60.8,communication|data visualization|python|sql|statistics,data analytics,,"role=0.00; skills=0.61; seniority=1.00; location=1.00; opportunity=1.00; evidence=1.00; matched=communication, data visualization, python, sql, statistics; missing=data analytics",Priority
HH-JDA-001,Hire Hangar,Junior Data Analyst,full-time,remote,Remote,INTL,junior,0,2,data cleaning|data visualization|excel|reporting|sql,english,,,live_listing,official_job_board,Hire Hangar Ashby,https://jobs.ashbyhq.com/hirehangar/3c708fbc-3ef1-437f-b45b-7277ed2e3adf,https://jobs.ashbyhq.com/hirehangar/3c708fbc-3ef1-437f-b45b-7277ed2e3adf,Listed country set does not include Algeria in this snapshot,"Keep for monitoring, but do not treat as eligible without confirmation.",2026-09-13,2001f592469f,active,,,1.0,0.51,1.0,1.0,0.75,1.0,81.3,45.0,76.9,data visualization|excel|sql,data cleaning|reporting,blocker:country_scope,"role=1.00; skills=0.51; seniority=1.00; location=1.00; opportunity=0.75; evidence=1.00; target=data analyst; matched=data visualization, excel, sql; missing=data cleaning, reporting; blocker:country_scope",Check eligibility
UN-PA-001,United Nations,Political Affairs Information Analysis and Data Visualisation Intern,internship,remote,New York / Remote,INTL,student,0,1,communication|data analysis|data visualization|reporting|research,english,2026-05-08,2027-05-06,live_listing,official_job_board,UN Careers,https://careers.un.org/jobSearchDescription/276487,https://careers.un.org/jobSearchDescription/276487,International eligibility and unpaid status must be verified,International opportunity with remote or hybrid wording in the source.,2026-09-13,06c81f05ffcf,active,235,,0.667,0.3,1.0,1.0,1.0,1.0,67.5,75.0,68.4,communication|data visualization,data analysis|reporting|research,verify:eligibility,"role=0.67; skills=0.30; seniority=1.00; location=1.00; opportunity=1.00; evidence=1.00; target=data analytics intern; matched=communication, data visualization; missing=data analysis, reporting, research; verify:eligibility",Check eligibility
UN-IAH-001,United Nations,Interns Innovation and Analytics Hub,internship,remote,Geneva / Remote,INTL,student,0,1,data analytics|data visualization|reporting|research|statistics,english,2026-07-01,2026-12-30,live_listing,official_job_board,UN Careers,https://careers.un.org/jobSearchDescription/279794,https://careers.un.org/jobSearchDescription/279794,International eligibility and unpaid status must be verified,International candidate-pool style opportunity; read the official requirements carefully.,2026-09-13,546d577aea24,active,108,,0.333,0.28,1.0,1.0,1.0,1.0,58.2,75.0,60.2,data visualization|statistics,data analytics|reporting|research,verify:eligibility,"role=0.33; skills=0.28; seniority=1.00; location=1.00; opportunity=1.00; evidence=1.00; target=data analytics intern; matched=data visualization, statistics; missing=data analytics, reporting, research; verify:eligibility",Check eligibility
WEA-ARI-001,Weaviate,Applied Research Intern,internship,remote,Worldwide,INTL,student,0,2,databases|information retrieval|machine learning|python|statistics,english,,,live_listing,official_job_board,Weaviate Careers,https://jobs.ashbyhq.com/weaviate/9bd576dc-ac45-4e77-b818-fcbf04cd18e6/,https://jobs.ashbyhq.com/weaviate/9bd576dc-ac45-4e77-b818-fcbf04cd18e6/,Remote wording is broad but regional restrictions must be confirmed,Research and software-heavy; not a pure business analytics role.,2026-09-13,e17382f1273a,active,,,0.333,0.26,1.0,0.9,1.0,1.0,56.5,75.0,58.7,python|statistics,databases|information retrieval|machine learning,verify:eligibility,"role=0.33; skills=0.26; seniority=1.00; location=0.90; opportunity=1.00; evidence=1.00; target=data analytics intern; matched=python, statistics; missing=databases, information retrieval, machine learning; verify:eligibility",Check eligibility
YAS-FS-001,Yassir,Data Analyst Financial Services,full-time,hybrid,Algiers,DZ,junior-mid,2,5,bigquery|experimentation|fintech|looker|power bi|product analytics|python|sql|statistics,english,,,live_listing,official_job_board,Yassir Lever,https://jobs.lever.co/Yassir/0aa9d59a-06f4-42bb-9357-63692eeee80c,https://jobs.lever.co/Yassir/0aa9d59a-06f4-42bb-9357-63692eeee80c,Algeria-based role,Strong product and fintech analytics signal; experience requirement is a stretch for a student.,2026-09-13,9833ab71969b,active,,,1.0,0.322,0.4,1.0,0.75,1.0,66.5,75.0,67.5,power bi|python|sql|statistics,bigquery|experimentation|fintech|looker|product analytics,,"role=1.00; skills=0.32; seniority=0.40; location=1.00; opportunity=0.75; evidence=1.00; target=data analyst; matched=power bi, python, sql, statistics; missing=bigquery, experimentation, fintech, looker, product analytics",Stretch
YAS-MKT-001,Yassir,Marketing Data Analyst,full-time,hybrid,Algiers,DZ,senior,5,7,attribution|experimentation|marketing analytics|product analytics|python|sql|statistics,english|french,,,live_listing,official_job_board,Yassir Lever,https://jobs.lever.co/Yassir/3f8932cc-4ad9-453b-9ac3-ff177510a55b,https://jobs.lever.co/Yassir/3f8932cc-4ad9-453b-9ac3-ff177510a55b,Algeria-based role,Useful benchmark for the skill roadmap; seniority is not entry-level.,2026-09-13,f528ad8944b6,active,,,1.0,0.307,0.1,1.0,0.15,1.0,57.0,75.0,59.2,python|sql|statistics,attribution|experimentation|marketing analytics|product analytics,,"role=1.00; skills=0.31; seniority=0.10; location=1.00; opportunity=0.15; evidence=1.00; target=data analyst; matched=python, sql, statistics; missing=attribution, experimentation, marketing analytics, product analytics",Monitor
YAS-DS-001,Yassir,Data Scientist,full-time,hybrid,Algiers / Constantine / Tlemcen / Oran / Bejaia / Remote,DZ,mid,2,5,experimentation|machine learning|product analytics|python|sql|statistics,english,,,live_listing,official_job_board,Yassir Lever,https://jobs.lever.co/Yassir/37980bd7-7725-41a9-8b88-8f3f9513cd7b,https://jobs.lever.co/Yassir/37980bd7-7725-41a9-8b88-8f3f9513cd7b,Several Algeria locations and remote options are listed,Good long-term target for an analytics student moving toward data science.,2026-09-13,f646a947c9cd,active,,,0.5,0.358,0.4,1.0,0.75,1.0,54.8,75.0,57.2,python|sql|statistics,experimentation|machine learning|product analytics,,"role=0.50; skills=0.36; seniority=0.40; location=1.00; opportunity=0.75; evidence=1.00; target=data analyst; matched=python, sql, statistics; missing=experimentation, machine learning, product analytics",Monitor
YAS-DE-001,Yassir,Data Engineer DMP Streaming and Analytics,full-time,hybrid,Algiers,DZ,mid-senior,3,7,airflow|bigquery|data modeling|data quality|dataflow|gcp|pubsub|python|spark|sql,english,,,live_listing,official_job_board,Yassir Lever,https://jobs.lever.co/Yassir/79245239-284e-44f1-b0f7-f8bc6f308723,https://jobs.lever.co/Yassir/79245239-284e-44f1-b0f7-f8bc6f308723,Algeria-based role,Shows the engineering foundations that support analytics at scale.,2026-09-13,d961dfb70235,active,,,0.667,0.155,0.4,1.0,0.75,1.0,52.2,75.0,54.9,python|sql,airflow|bigquery|data modeling|data quality|dataflow|gcp|pubsub|spark,,"role=0.67; skills=0.15; seniority=0.40; location=1.00; opportunity=0.75; evidence=1.00; target=data analytics intern; matched=python, sql; missing=airflow, bigquery, data modeling, data quality, dataflow, gcp, pubsub, spark",Monitor
YAS-DE-002,Yassir,Data Engineer Mid Senior,full-time,hybrid,Algeria East / Algeria West / Algiers,DZ,mid-senior,3,7,bigquery|data modeling|data quality|etl|gcp|looker|python|spark|sql,english,,,live_listing,official_job_board,Yassir Lever,https://jobs.lever.co/Yassir/580bb8db-a843-4484-bbff-7ed3e3e10a32,https://jobs.lever.co/Yassir/580bb8db-a843-4484-bbff-7ed3e3e10a32,Algeria-based role,Useful benchmark for a data engineering pathway.,2026-09-13,752d0062453d,active,,,0.5,0.172,0.4,1.0,0.75,1.0,48.4,75.0,51.6,python|sql,bigquery|data modeling|data quality|etl|gcp|looker|spark,,"role=0.50; skills=0.17; seniority=0.40; location=1.00; opportunity=0.75; evidence=1.00; target=data analyst; matched=python, sql; missing=bigquery, data modeling, data quality, etl, gcp, looker, spark",Monitor
AUT-CAREER-001,Automattic,Remote Analytics Career Watchlist,catalog,remote,Worldwide,INTL,unknown,0,5,analytics|communication|data visualization|python|sql,english,,,catalog,official_career_page,Automattic Careers,https://automattic.com/work-with-us/,https://automattic.com/work-with-us/,Role-specific eligibility varies by opening,"Use the official career page; this is a watchlist source, not an open vacancy.",2026-09-13,274d5b832512,catalog,,,0.333,0.61,1.0,0.9,0.55,1.0,45.4,75.0,49.0,communication|data visualization|python|sql,analytics,verify:eligibility,"role=0.33; skills=0.61; seniority=1.00; location=0.90; opportunity=0.55; evidence=1.00; target=data analytics intern; matched=communication, data visualization, python, sql; missing=analytics; verify:eligibility",Monitor
AT-SC-001,Algeria Telecom Skills Centers,Opportunities Hub Catalog,catalog,unknown,Algeria,DZ,student,0,1,communication|data analytics|excel|python|sql,english|french,,,catalog,official_program_page,Algeria Telecom Skills Centers,https://skillscenter.algerietelecom.dz/opportunities,https://skillscenter.algerietelecom.dz/opportunities,Snapshot page displayed zero active listings,"Keep as a monitoring source for internships, certifications, and youth programs.",2026-09-13,dfe345b17ec9,catalog,,,0.0,0.63,1.0,1.0,0.55,0.895,39.9,67.1,43.2,communication|excel|python|sql,data analytics,,"role=0.00; skills=0.63; seniority=1.00; location=1.00; opportunity=0.55; evidence=0.90; matched=communication, excel, python, sql; missing=data analytics",Monitor
YAS-AM-001,Yassir,Analytics Manager,full-time,hybrid,Algiers,DZ,manager,8,12,data governance|data warehousing|etl|looker|power bi|sql|stakeholder management|tableau,english|french,,,live_listing,official_job_board,Yassir Lever,https://jobs.lever.co/Yassir/d1666a05-1566-40d5-ac80-e45f2d1a4a2a,https://jobs.lever.co/Yassir/d1666a05-1566-40d5-ac80-e45f2d1a4a2a,Algeria-based role,"Included as a seniority benchmark, not a realistic student target.",2026-09-13,1c5692443e1d,active,,,0.333,0.2,0.1,1.0,0.15,1.0,36.1,75.0,40.8,power bi|sql,data governance|data warehousing|etl|looker|stakeholder management|tableau,,"role=0.33; skills=0.20; seniority=0.10; location=1.00; opportunity=0.15; evidence=1.00; target=data analytics intern; matched=power bi, sql; missing=data governance, data warehousing, etl, looker, stakeholder management, tableau",Monitor
SUP-DAI-001,Super.com,Data Analytics Intern,internship,remote,Canada,CA,student,0,1,business analytics|data visualization|python|r|sql,english,2026-06-01,2026-09-30,historical_snapshot,official_job_board,Super Ashby,https://jobs.ashbyhq.com/super.com/1fdfd963-c5cb-49a0-be9a-76826aabf922/,https://jobs.ashbyhq.com/super.com/1fdfd963-c5cb-49a0-be9a-76826aabf922/,Canada location and authorization requirements must be confirmed,Included as an international comparison record.,2026-09-13,47a31a7c628a,expired,17,,1.0,0.47,1.0,0.9,1.0,1.0,0.0,75.0,9.0,data visualization|python|sql,business analytics|r,verify:eligibility,"role=1.00; skills=0.47; seniority=1.00; location=0.90; opportunity=1.00; evidence=1.00; target=data analytics intern; matched=data visualization, python, sql; missing=business analytics, r; verify:eligibility",Archive
UN-ACS-001,United Nations,ACS Intern on Data Analysis,internship,onsite,Addis Ababa,ET,student,0,1,data analysis|reporting|research|statistics,english,2026-07-23,2026-08-21,historical_snapshot,official_job_board,UN Careers,https://careers.un.org/jobfeed?isPage=true&language=en,https://careers.un.org/jobfeed?isPage=true&language=en,Deadline is in the past for this snapshot,Retained to demonstrate stale-record handling.,2026-09-13,712d9a26ef6a,expired,-23,,0.667,0.15,1.0,0.25,1.0,1.0,0.0,75.0,9.0,statistics,data analysis|reporting|research,,"role=0.67; skills=0.15; seniority=1.00; location=0.25; opportunity=1.00; evidence=1.00; target=data analytics intern; matched=statistics; missing=data analysis, reporting, research",Archive
UN-DV-001,United Nations,Data Visualization and Database Management Intern,internship,onsite,New York,US,student,0,1,data management|data visualization|database|reporting|sql,english,2026-07-29,2026-08-16,historical_snapshot,official_job_board,UN Careers,https://careers.un.org/jobfeed?isPage=true&language=en,https://careers.un.org/jobfeed?isPage=true&language=en,Deadline is in the past for this snapshot,Retained to demonstrate expiry detection.,2026-09-13,18a35396317a,expired,-28,,0.667,0.33,1.0,0.25,1.0,1.0,0.0,75.0,9.0,data visualization|sql,data management|database|reporting,,"role=0.67; skills=0.33; seniority=1.00; location=0.25; opportunity=1.00; evidence=1.00; target=data analytics intern; matched=data visualization, sql; missing=data management, database, reporting",Archive
ESR-DA-001,E Source,Data Analyst Intern,internship,remote,Remote,US-CA,student,0,1,data manipulation|data visualization|excel|power bi|python|sql,english,,,historical_snapshot,official_job_board,E Source Ashby,https://jobs.ashbyhq.com/e-source/0fdac9db-7078-4798-9cfb-4577e4d5942a/,https://jobs.ashbyhq.com/e-source/0fdac9db-7078-4798-9cfb-4577e4d5942a/,US or Canada work authorization required,Included to show why eligibility filtering matters.,2026-09-13,26787e145d94,expired,,,1.0,0.667,1.0,1.0,1.0,1.0,0.0,45.0,5.4,data visualization|excel|power bi|python|sql,data manipulation,blocker:work_authorization,"role=1.00; skills=0.67; seniority=1.00; location=1.00; opportunity=1.00; evidence=1.00; target=data analyst; matched=data visualization, excel, power bi, python, sql; missing=data manipulation; blocker:work_authorization",Archive
